Type,Section Length (m),Corner Radius (m)
Right,2,21.75
Right,1,30.7
Right,1,97.759
Left,1,41.988
Left,1,55.746
Left,1,85.89
Left,1,223.535
Left,1,126.875
Left,1,101.142
Left,1,147.388
Left,1,190.57
Left,1,421.448
Right,1,102.439
Right,1,76.85
Right,1,83.666
Right,1,126.724
Right,1,44.257
Right,1,38.841
Right,2,31.509
Right,1,20.606
Right,1,17.243
Right,1,15.278
Right,2,14.571
Right,1,13.222
Right,1,17.993
Right,1,24.342
Right,1,84.184
Left,2,61.101
Left,1,27.883
Left,1,20.628
Left,1,18.125
Left,2,18.179
Left,1,17.55
Left,2,19.38
Left,1,25.855
Left,1,58.846
Right,2,99.299
Right,1,34.038
Right,2,22.928
Right,1,23.119
Right,1,32.124
Right,2,27.865
Right,1,17.069
Right,1,17.705
Right,1,22.736
Right,1,16.673
Right,1,15.312
Right,1,14.127
Right,2,13.572
Right,1,12.039
Right,1,11.718
Right,1,11.902
Right,1,12.098
Right,1,10.717
Right,1,10.665
Right,1,10.415
Right,2,13.398
Right,1,16.471
Right,1,25.292
Right,1,157.843
Right,2,1417.656
Left,1,95.352
Left,1,31.155
Left,2,22.394
Left,1,13.643
Left,1,11.484
Left,2,12.607
Left,1,12.983
Left,1,20.365
Left,1,29.313
Left,2,174.03
Left,1,464.173
Left,1,75.663
Left,2,189.295
Right,1,60.678
Right,1,41.741
Right,2,26.164
Right,1,15.507
Right,1,13.228
Right,1,11.516
Right,1,12.686
Right,1,27.34
Right,1,145.678
Left,1,17.275
Left,2,10.176
Left,1,9.083
Left,1,8.007
Left,1,9.223
Left,1,9.684
Left,1,10.855
Left,1,45.245
Right,1,38.582
Right,1,14.67
Right,1,12.544
Right,1,11.064
Right,2,9.872
Right,1,10.503
Right,1,11.707
Right,1,12.278
Right,1,32.489
Left,1,59.437
Left,2,32.961
Left,1,15.007
Left,1,14.127
Left,1,13.157
Left,1,13.391
Left,2,13.21
Left,1,14.412
Left,1,15.572
Left,1,69.283
Right,2,29.326
Right,1,13.401
Right,1,12.074
Right,2,13.235
Right,1,13.71
Right,1,14.447
Right,2,14.217
Right,1,14.683
Right,2,17.489
Right,1,20.547
Right,1,20.566
Right,2,18.747
Right,1,17.855
Right,2,21.617
Right,1,32.009
Right,2,64.793
Left,1,517.335
Left,1,64.31
Left,1,23.298
Left,2,15.273
Left,1,13.239
Left,1,11.504
Left,1,11.969
Left,2,14.731
Left,1,16.004
Left,1,14.725
Left,1,22.393
Left,2,19.508
Left,1,18.091
Left,2,20.565
Left,1,18.302
Left,2,17.853
Left,1,19.287
Left,1,18.808
Left,2,17.615
Left,1,16.958
Left,2,18.094
Left,2,21.815
Left,1,24.751
Left,2,27.833
Left,1,39.014
Left,2,40.439
Left,2,48.87
Left,1,50.907
Left,2,83.732
Left,1,250.828
Right,2,812.7
Left,1,199.94
Left,2,56.431
Left,1,27.971
Left,1,17.423
Left,1,14.958
Left,2,13.726
Left,1,12.332
Left,1,13.808
Left,1,19.291
Left,1,14.04
Left,1,13.152
Left,1,11.525
Left,1,11.135
Left,1,10.319
Left,1,10.862
Left,1,11.164
Left,1,11.208
Left,1,11.089
Left,1,8.879
Left,2,8.075
Left,1,9.632
Left,1,8.978
Left,1,8.916
Left,1,9.209
Left,1,8.875
Left,1,8.413
Left,1,9.258
Left,1,10.247
Left,1,12.157
Left,1,24.545
Right,2,310.957
Right,1,19.016
Right,1,12.288
Right,1,9.136
Right,1,7.628
Right,1,5.192
Right,1,5.465
Right,1,5.321
Right,1,5.493
Right,1,6.439
Right,1,5.583
Right,1,6.604
Right,1,7.177
Right,1,11.791
Right,1,7.413
Right,1,6.624
Right,1,6.132
Right,1,6.261
Right,1,6.992
Right,1,9.443
Right,1,10.7
Right,1,14.157
Right,1,26.988
Right,1,344.9
Left,1,28.251
Left,1,15.586
Left,1,12.553
Left,1,9.994
Left,1,8.103
Left,1,6.838
Left,1,6.264
Left,1,7.454
Left,1,7.319
Left,1,7.609
Left,1,7.004
Left,1,7.02
Left,1,7.223
Left,1,7.863
Left,1,8.61
Left,1,9.152
Left,1,11.593
Left,1,15.889
Left,1,14.417
Left,2,20.203
Left,1,64.771
Left,1,94.904
Left,2,118.83
Left,1,128.135
Left,2,1042.764
Right,1,296.255
Right,2,120.429
Right,1,70.488
Right,2,46.511
Right,1,46.7
Right,2,39.104
Right,1,28.324
Right,1,15.424
Right,1,11.754
Right,2,10.366
Right,1,9.332
Right,1,9.983
Right,1,10.556
Right,1,10.364
Right,1,8.565
Right,1,8.001
Right,1,8.575
Right,1,7.825
Right,1,10.154
Right,1,10.625
Right,1,12.788
Right,2,18.222
Right,1,17.195
Right,1,17.423
Right,2,24.72
Right,1,51.929
Right,1,191.441
Left,2,403.854
Left,1,188.87
Left,2,59.565
Left,2,35.958
Left,1,30.42
Left,2,32.3
Left,2,29.573
Left,1,31.261
Left,2,28.326
Left,2,24.265
Left,1,26.22
Left,2,22.117
Left,2,23.063
Left,1,21.07
Left,2,22.009
Left,2,20.363
Left,1,19.805
Left,2,19.359
Left,2,19.119
Left,1,19.361
Left,2,21.015
Left,2,32.641
Left,1,59.939
Right,2,765.033
Right,2,83.256
Right,1,51.63
Right,2,38.267
Right,2,29.963
Right,1,37.767
Right,2,40.728
Right,1,37.558
Right,1,76.683
Left,2,28.037
Left,1,12.115
Left,1,10.992
Left,1,9.429
Left,1,11.449
Left,2,27.628
Left,1,79.5
Right,1,93.1
Right,2,22.567
Right,1,16.594
Right,1,12.569
Right,1,9.981
Right,1,9.66
Right,2,10.226
Right,1,10.948
Right,1,29.587
Left,1,78.941
Left,1,12.921
Left,1,8.596
Left,1,8.501
Left,1,8.329
Left,1,9.542
Left,2,11.151
Left,1,24.004
Right,1,353.047
Right,1,24.575
Right,1,13.428
Right,2,11.88
Right,1,12.194
Right,1,10.001
Right,1,10.955
Right,2,15.148
Right,1,18.948
Right,1,26.236
Right,1,118.792
Left,2,152.153
Left,1,61.408
Left,1,29.649
Left,1,20.666
Left,2,15.819
Left,1,13.516
Left,1,12.541
Left,1,11.574
Left,1,15.766
Left,1,12.282
Left,1,11.698
Left,1,10.888
Left,1,8.957
Left,1,8.968
Left,1,8.625
Left,1,7.75
Left,1,7.025
Left,1,7.215
Left,1,8.038
Left,1,8.538
Left,1,9.404
Left,1,10.272
Left,1,11.763
Left,1,12.917
Left,1,15.97
Left,1,16.122
Left,2,23.872
Left,1,27.662
Left,2,31.909
Left,1,30.507
Left,1,31.084
Left,2,47.182
Left,1,38.691
Left,2,46.416
Left,2,61.054
Left,1,95.31
Left,2,96.331
Left,2,86.991
Left,1,52.468
Left,1,30.84
Left,2,27.694
Left,1,39.127
Left,1,33.61
Left,2,24.283
Left,1,20.578
Left,1,21.627
Left,1,13.834
Left,1,12.832
Left,1,10.388
Left,1,8.09
Left,1,7.409
Left,1,6.542
Left,1,7.881
Left,1,9.041
Left,1,11.931
Left,1,63.504
Right,1,17.06
Right,1,11.541
Right,1,8.16
Right,1,7.077
Right,1,6.938
Right,1,6.375
Right,1,6.508
Right,1,7.21
Right,1,6.597
Right,1,7.006
Right,1,6.954
Right,1,14.085
Right,1,15.108
Right,1,13.455
Right,2,13.076
Right,1,14.958
Right,1,15.393
Right,1,15.233
Right,2,24.92
Right,1,31.803
Right,2,45.476
Right,1,48.017
Right,2,66.36
Right,1,86.84
Right,2,151.621
Right,1,160.493
Right,2,136.653
Right,2,750.538
Left,1,381.632
Left,2,487.849
Left,2,560.88
Straight,1,0
Left,2,842.554
Left,2,587.857
Left,2,936.41
Left,2,363.79
Left,1,296.638
Left,2,898.457
Straight,2,0
Straight,2,0
Left,2,532.918
Left,3,357.321
Left,2,686.472
Left,2,486.657
Left,2,770.896
Left,2,887.33
Left,2,1022.423
Left,3,910.898
Left,2,1215.129
Straight,2,0
Right,2,596.006
Right,2,441.239
Right,2,545.532
Right,2,192.823
Right,2,340.92
Left,2,896.15
Right,1,704.933
Left,2,133.324
Left,1,151.493
Straight,1,0
Right,2,24.217
Right,1,12.388
Right,1,10.597
Right,1,9.194
Right,1,7.955
Right,1,7.37
Right,1,6
Right,1,8.525
Right,1,13.77
Right,1,13.824
Right,1,13.56
Right,1,13.291
Right,2,13.507
Right,1,15.402
Right,1,12.838
Right,1,12.482
Right,1,11.313
Right,2,10.663
Right,1,14.736
Right,1,11.9
Right,2,14.729
Right,1,14.746
Right,1,15.507
Right,2,15.983
Right,1,14.447
Right,2,16.096
Right,1,17.026
Right,1,20.953
Right,2,22.993
Right,2,19.566
Right,1,21.182
Right,2,24.655
Right,1,29.611
Right,2,34.345
Right,2,58.485
Right,2,328.605
Right,1,130.083
Right,2,151.599
Right,2,226.575
Straight,2,0
Right,1,254.154
Right,2,102.178
Right,2,85.186
Right,2,88.746
Right,1,127.758
Right,2,238.11
Left,1,523.416
Left,2,520.595
Left,1,92.278
Left,1,32.648
Left,1,29.834
Left,1,23.511
Left,1,20.778
Left,1,13.467
Left,1,11.215
Left,1,10.074
Left,2,8.981
Left,1,8.831
Left,1,8.315
Left,1,8.158
Left,1,7.336
Left,1,7.507
Left,1,7.164
Left,1,7.04
Left,1,9.041
Left,1,11.953
Left,1,22.669
Left,1,17.161
Left,1,19.534
Left,2,31.237
Left,1,36.443
Left,1,30.777
Left,2,31.633
Left,1,31.228
Left,2,33.065
Left,1,44.675
Left,2,44.728
Left,1,39.052
Left,2,38.891
Left,2,43.344
Left,1,50.875
Left,2,44.445
Left,2,39.633
Left,2,32.308
Left,1,41.378
Left,2,26.877
Left,1,22.721
Left,2,22.962
Left,2,35.477
Left,1,26.388
Left,2,24.707
Left,1,22.978
Left,2,23.788
Left,1,21.433
Left,2,18.88
Left,2,21.658
Left,1,25.76
Left,2,51.243
Left,2,96.628
Left,1,133.482
Left,2,235.163
Right,2,1534.436
Left,1,515.271
Left,2,158.407
Left,1,117.842
Left,2,83.538
Left,1,92.965
Right,1,58.915
Right,2,26.3
Right,1,17.185
Right,1,13.098
Right,1,11.583
Right,2,13.49
Right,1,12.772
Right,1,12.425
Right,2,14.816
Right,1,20.103
Right,2,87.244
Left,1,140.53
Left,1,22.372
Left,2,13.74
Left,1,13.287
Left,1,12.695
Left,2,12.153
Left,1,13.602
Left,1,18.417
Left,2,91.519
Right,1,57.933
Right,2,22.065
Right,1,14.634
Right,2,14.163
Right,1,14.548
Right,1,14.165
Right,2,14.42
Right,1,12.806
Right,2,15.868
Right,1,18.858
Right,1,28.341
Left,2,167.558
Left,1,34.58
Left,2,24.441
Left,1,20.291
Left,2,20.602
Left,1,20.491
Left,2,20.109
Left,2,22.64
Left,1,23.429
Left,2,44.611
Left,2,65.879
Left,1,93.208
Left,2,980.874
Straight,2,0
Right,2,1060.053
Straight,1,0